{"1":127.3273588985685,"2":126.12428402087481,"3":136.06306595710774,"4":165.6473547228663,"5":220.11758670890495,"6":275.4504448768622,"7":248.65242609110314,"8":222.43994154007297}