{"1":3673.9911067650532,"2":3675.639155566987,"3":3931.612758688186,"4":5165.51144022259,"5":7303.844060844251,"6":9437.60603892327,"7":10685.259963117504,"8":10897.996790551448}